q,0–15d,15–30d,30–60d,60–90d,90–120d,120–150d,150–180d
2024Q3,,,,,-0.0856,-0.0223,0.0517
2024Q4,-0.3747,-0.3396,-0.2482,-0.1594,-0.0785,-0.0092,0.0473
2025Q1,-0.3413,-0.3002,-0.2439,-0.1648,-0.0822,-0.0088,0.0526
2025Q2,-0.356,-0.3073,-0.2251,-0.1319,-0.071,-0.0036,0.0597
2025Q3,-0.3466,-0.3265,-0.2437,-0.1535,-0.075,-0.0068,0.0447
2025Q4,-0.3669,-0.3256,-0.2376,-0.1528,-0.0874,-0.0161,0.0409
2026Q1,-0.3651,-0.3078,-0.2453,-0.1627,-0.078,-0.0271,0.0221
2026Q2,-0.3659,-0.336,-0.2504,-0.174,-0.101,-0.0477,0.0142
2026Q3,-0.3693,-0.332,-0.2519,-0.1856,-0.1248,-0.0618,0.031
2026Q4,-0.3712,-0.3672,-0.2931,-0.187,0.1201,,
