feature,decile,escalation_rate,auc
Mean bank transfer out ÷ mean card spend (ratio),1,0.25272331154684097,0.5822605955581228
Mean bank transfer out ÷ mean card spend (ratio),2,0.23093681917211328,0.5822605955581228
Mean bank transfer out ÷ mean card spend (ratio),3,0.1728395061728395,0.5822605955581228
Mean bank transfer out ÷ mean card spend (ratio),4,0.1830065359477124,0.5822605955581228
Mean bank transfer out ÷ mean card spend (ratio),5,0.2047930283224401,0.5822605955581228
Mean bank transfer out ÷ mean card spend (ratio),6,0.1686046511627907,0.5822605955581228
Mean bank transfer out ÷ mean card spend (ratio),7,0.1328976034858388,0.5822605955581228
Mean bank transfer out ÷ mean card spend (ratio),8,0.1205519244734931,0.5822605955581228
Mean bank transfer out ÷ mean card spend (ratio),9,0.12926652142338416,0.5822605955581228
Mean bank transfer out ÷ mean card spend (ratio),10,0.12490922294843863,0.5822605955581228
Mean bank transfer in − mean cash deposit,1,0.280997798972854,0.6120123006914052
Mean bank transfer in − mean cash deposit,2,0.23697725605282466,0.6120123006914052
Mean bank transfer in − mean cash deposit,3,0.21790168745414526,0.6120123006914052
Mean bank transfer in − mean cash deposit,4,0.19016152716593246,0.6120123006914052
Mean bank transfer in − mean cash deposit,5,0.1760821716801174,0.6120123006914052
Mean bank transfer in − mean cash deposit,6,0.15700660308143802,0.6120123006914052
Mean bank transfer in − mean cash deposit,7,0.13069016152716592,0.6120123006914052
Mean bank transfer in − mean cash deposit,8,0.1210564930300807,0.6120123006914052
Mean bank transfer in − mean cash deposit,9,0.11225238444607484,0.6120123006914052
Mean bank transfer in − mean cash deposit,10,0.10418195157740279,0.6120123006914052
Skewness of outgoing amounts,1,0.20911722141823444,0.5512389916106836
Skewness of outgoing amounts,2,0.19044170890658943,0.5512389916106836
Skewness of outgoing amounts,3,0.19623461259956554,0.5512389916106836
Skewness of outgoing amounts,4,0.1882693700217234,0.5512389916106836
Skewness of outgoing amounts,5,0.18247646632874728,0.5512389916106836
Skewness of outgoing amounts,6,0.17595944967414917,0.5512389916106836
Skewness of outgoing amounts,7,0.165821868211441,0.5512389916106836
Skewness of outgoing amounts,8,0.1491672700941347,0.5512389916106836
Skewness of outgoing amounts,9,0.15351194786386677,0.5512389916106836
Skewness of outgoing amounts,10,0.11078928312816799,0.5512389916106836
"Main contrast (cash in + card out − bank in − bank out), q75",1,0.08321060382916053,0.6355637413995041
"Main contrast (cash in + card out − bank in − bank out), q75",2,0.10022107590272661,0.6355637413995041
"Main contrast (cash in + card out − bank in − bank out), q75",3,0.1105379513633014,0.6355637413995041
"Main contrast (cash in + card out − bank in − bank out), q75",4,0.13338246131171702,0.6355637413995041
"Main contrast (cash in + card out − bank in − bank out), q75",5,0.14369933677229182,0.6355637413995041
"Main contrast (cash in + card out − bank in − bank out), q75",6,0.1709653647752395,0.6355637413995041
"Main contrast (cash in + card out − bank in − bank out), q75",7,0.2033898305084746,0.6355637413995041
"Main contrast (cash in + card out − bank in − bank out), q75",8,0.22991893883566691,0.6355637413995041
"Main contrast (cash in + card out − bank in − bank out), q75",9,0.25497420781134855,0.6355637413995041
"Main contrast (cash in + card out − bank in − bank out), q75",10,0.29624170965364777,0.6355637413995041
Number of transactions,1,0.15,0.5306309354433546
Number of transactions,2,0.15857142857142856,0.5306309354433546
Number of transactions,3,0.15071428571428572,0.5306309354433546
Number of transactions,4,0.15357142857142858,0.5306309354433546
Number of transactions,5,0.1792857142857143,0.5306309354433546
Number of transactions,6,0.17142857142857143,0.5306309354433546
Number of transactions,7,0.18142857142857144,0.5306309354433546
Number of transactions,8,0.19428571428571428,0.5306309354433546
Number of transactions,9,0.1957142857142857,0.5306309354433546
Number of transactions,10,0.18285714285714286,0.5306309354433546
Number of international transactions,1,0.16428571428571428,0.528829456384437
Number of international transactions,2,0.15214285714285714,0.528829456384437
Number of international transactions,3,0.15071428571428572,0.528829456384437
Number of international transactions,4,0.15785714285714286,0.528829456384437
Number of international transactions,5,0.17642857142857143,0.528829456384437
Number of international transactions,6,0.165,0.528829456384437
Number of international transactions,7,0.17285714285714285,0.528829456384437
Number of international transactions,8,0.19071428571428573,0.528829456384437
Number of international transactions,9,0.1957142857142857,0.528829456384437
Number of international transactions,10,0.19214285714285714,0.528829456384437
