hour,share
0,0.041742236267596496
1,0.041756688443868914
2,0.041649618019657136
3,0.04176057343749053
4,0.04181791594334561
5,0.041782640201261316
6,0.04160843708726799
7,0.04161869347042906
8,0.04169173135051547
9,0.0416444898280766
10,0.04178155240304726
11,0.041566168356664795
12,0.04166173919975658
13,0.04167386037985603
14,0.04210058807925449
15,0.04157176274747992
16,0.041654280012003074
17,0.041610457283951234
18,0.041505873255657286
19,0.04153648700539563
20,0.04155482417528967
21,0.04158388392757937
22,0.041566945355389115
23,0.04155855376916642
