month,rate,alerts
2025-01,0.1702970297029703,505
2025-02,0.18568665377176016,517
2025-03,0.17623762376237623,505
2025-04,0.2,470
2025-05,0.16523605150214593,466
2025-06,0.14285714285714285,497
2025-07,0.16353887399463807,746
2025-08,0.17006802721088435,735
2025-09,0.13936781609195403,696
2025-10,0.17172897196261683,856
2025-11,0.15443037974683543,790
2025-12,0.17515527950310558,805
2026-01,0.16427640156453716,767
2026-02,0.16051136363636365,704
2026-03,0.19922879177377892,778
2026-04,0.21217105263157895,608
2026-05,0.1700787401574803,635
2026-06,0.14353312302839116,634
2026-07,0.1756440281030445,427
2026-08,0.17899761336515513,419
2026-09,0.17468354430379746,395
2026-10,0.17507418397626112,337
2026-11,0.19939577039274925,331
2026-12,0.1909814323607427,377
