exp_id,features,model,cv_mean,cv_std,folds,params,notes,timestamp
exp1,baseline_v1(59),lgbm,0.605770553118548,0.016535740670375963,"[0.63691, 0.60674, 0.59146, 0.60096, 0.59278]",{},"первый baseline, окно 180д, агрегаты по signal_id",2026-09-25T15:16:10
exp1_A_reg_strong,baseline_v1(59),lgbm,0.6103764526791694,0.013896804214530673,"[0.63576, 0.60893, 0.60279, 0.61021, 0.59419]","{""learning_rate"": 0.02, ""num_leaves"": 7, ""min_child_samples"": 150, ""feature_fraction"": 0.5, ""bagging_fraction"": 0.7, ""lambda_l2"": 20.0}",регуляризация,2026-09-25T15:16:27
exp1_B_reg_vstrong,baseline_v1(59),lgbm,0.6066610545265139,0.016036889121710356,"[0.63477, 0.60341, 0.59687, 0.61087, 0.58738]","{""learning_rate"": 0.01, ""num_leaves"": 4, ""min_child_samples"": 300, ""feature_fraction"": 0.4, ""bagging_fraction"": 0.7, ""lambda_l2"": 50.0}",регуляризация,2026-09-25T15:16:30
exp1_C_stumps,baseline_v1(59),lgbm,0.6067530362485084,0.015183232709474572,"[0.63376, 0.60497, 0.5974, 0.60899, 0.58865]","{""learning_rate"": 0.02, ""num_leaves"": 2, ""min_child_samples"": 200, ""feature_fraction"": 0.5, ""bagging_fraction"": 0.8, ""lambda_l2"": 10.0}",регуляризация,2026-09-25T15:16:34
exp1b,v1(59),lgbm,0.6074391995737404,0.005049501972640851,"[0.60259, 0.6144, 0.60533]",{},repeated CV 3 seeds,2026-09-25T15:17:57
exp2,v1+v2(121),lgbm,0.6068122177307171,0.0020902167048612464,"[0.60521, 0.60976, 0.60546]",{},временная динамика,2026-09-25T15:18:09
exp2b,v2only(62),lgbm,0.5571921369075314,0.003895286523618017,"[0.55179, 0.56082, 0.55897]",{},только временные,2026-09-25T15:18:33
exp3_top10,top10,lgbm,0.6091210665337444,0.002314315305592905,"[0.60707, 0.61235, 0.60794]",{},отбор по gain,2026-09-25T15:18:41
exp3_top20,top20,lgbm,0.6114974462969289,0.0016411115272009994,"[0.61314, 0.6121, 0.60926]",{},отбор по gain,2026-09-25T15:18:46
exp3_top30,top30,lgbm,0.6137683548809033,0.006674370695090398,"[0.60433, 0.61826, 0.61871]",{},отбор по gain,2026-09-25T15:18:53
exp3_top50,top50,lgbm,0.6092317015991013,0.004518164186930561,"[0.60343, 0.61445, 0.60981]",{},отбор по gain,2026-09-25T15:19:00
exp4_nested20,nested_top20,lgbm,0.6050159683018674,0.003647921988133993,"[0.59989, 0.6071, 0.60806]",{},честный отбор внутри фолда,2026-09-25T15:19:46
exp4_nested30,nested_top30,lgbm,0.6014249038569867,0.0035665767776065513,"[0.59786, 0.6063, 0.60012]",{},честный отбор внутри фолда,2026-09-25T15:20:13
exp5_shapeA,v1+v3(108),lgbm,0.6092793300814,0.001100566596977752,"[0.60863, 0.61083, 0.60838]",{},блок A: форма распределения,2026-09-25T15:37:42
exp6_residB,v1+v3+resid(114),lgbm,0.6083132231644521,0.0037681294063918853,"[0.60301, 0.6105, 0.61143]",{},блок B: остатки по log n_tx,2026-09-25T15:38:16
exp7_logreg,v1+v3(108),logreg,0.5758350568699857,0.0033087410164262363,"[0.57139, 0.57932, 0.57679]",{},сравнение моделей,2026-09-25T15:39:29
exp7_logreg,v1+v3(108),logreg,0.5758350568699857,0.0033087410164262363,"[0.57139, 0.57932, 0.57679]",{},сравнение моделей,2026-09-25T15:49:35
exp7_rf,v1+v3(108),rf,0.6078835328511913,0.0026554487856768182,"[0.60461, 0.61111, 0.60794]",{},сравнение моделей,2026-09-25T16:03:38
exp7_lgbm,v1+v3(108),lgbm,0.6092793300814,0.001100566596977752,"[0.60863, 0.61083, 0.60838]",{},сравнение моделей,2026-09-25T16:03:49
exp7_xgb,v1+v3(108),xgb,0.6061772031759095,0.0004362263642720899,"[0.60564, 0.60671, 0.60618]",{},сравнение моделей,2026-09-25T16:04:14
exp7_catboost,v1+v3(108),catboost,0.6123582434061089,0.002410771712996827,"[0.60984, 0.61561, 0.61163]",{},сравнение моделей,2026-09-25T16:05:04
exp8_cross,v13+cross(202),lgbm,0.6485334593225925,0.0006837385002529566,"[0.64771, 0.64851, 0.64938]",{},суммы по тип x направление,2026-09-25T19:03:45
exp8_hist,v13+hist(144),lgbm,0.6081293194876636,0.004653162469469907,"[0.60179, 0.60979, 0.61282]",{},гистограмма сумм,2026-09-25T19:03:59
exp8_all,v13+v4(238),lgbm,0.6487993695755662,0.001944652522778177,"[0.64605, 0.65006, 0.65029]",{},v4 целиком,2026-09-25T19:04:25
exp9_ratios,v134+ratios(386),lgbm,0.6485569418557776,0.0022259070858001067,"[0.64596, 0.64832, 0.6514]",{},парные отношения инструментов,2026-09-25T19:06:22
exp10_shapecross,v134+shape(302),lgbm,0.6472638426066628,0.001658635485222107,"[0.64588, 0.64632, 0.6496]",{},форма в разрезе типа,2026-09-25T23:00:56
exp10_timecross,v134+time(286),lgbm,0.6471096910424207,0.0013375844576897272,"[0.64619, 0.64613, 0.649]",{},время в разрезе типа,2026-09-25T23:01:38
exp10_all,v134+v6(350),lgbm,0.6466759843732678,0.0023392993356168607,"[0.64753, 0.64348, 0.64902]",{},v6 целиком,2026-09-25T23:02:32
exp11_diffs,v134+diffs(350),lgbm_honest,0.6445621678998134,0.004645284070763443,"[0.64496, 0.65004, 0.63869]","{""learning_rate"": 0.013399549522183024, ""num_leaves"": 8, ""min_child_samples"": 142, ""feature_fraction"": 0.5673295021425665, ""bagging_fraction"": 0.7159725093210578, ""lambda_l1"": 0.017888967192999938, ""lambda_l2"": 2.801635158716261}",попарные разности расположения,2026-09-26T00:07:47
exp11_decomp,v134+decomp(258),lgbm_honest,0.6463857070325375,0.0013152087972641603,"[0.64611, 0.64812, 0.64493]","{""learning_rate"": 0.013399549522183024, ""num_leaves"": 8, ""min_child_samples"": 142, ""feature_fraction"": 0.5673295021425665, ""bagging_fraction"": 0.7159725093210578, ""lambda_l1"": 0.017888967192999938, ""lambda_l2"": 2.801635158716261}",масштаб клиента + перекос,2026-09-26T00:08:25
exp11_all,v134+v7(370),lgbm_honest,0.6450376936793495,0.003912302927746636,"[0.64844, 0.63956, 0.64712]","{""learning_rate"": 0.013399549522183024, ""num_leaves"": 8, ""min_child_samples"": 142, ""feature_fraction"": 0.5673295021425665, ""bagging_fraction"": 0.7159725093210578, ""lambda_l1"": 0.017888967192999938, ""lambda_l2"": 2.801635158716261}",v7 целиком,2026-09-26T00:09:07
exp12_lr,loc6 (48),logreg_C0.05,0.6400102321447728,0.0013569727421359015,"[0.64147, 0.6382, 0.64037]",{},линейная на уровнях инструментов,2026-09-26T00:36:29
exp13_lr_wide,linear family,lr_wide,0.6412616975618269,0.0008831562661228085,"[0.64243, 0.6403, 0.64106]",{},смесь с GB=0.65273,2026-09-26T00:38:56
exp14_contrast,v134+ctr(251),lgbm_honest,0.6446831187840244,0.0007256774421655147,"[0.64375, 0.64551, 0.64479]",{},явный контраст из PCA/LR,2026-09-26T00:40:57
exp15_eb,v1348+eb(276),lgbm_honest,0.6463088942260998,0.002624935436843005,"[0.64444, 0.65002, 0.64447]",{},эмпирический Байес,2026-09-26T00:43:46
exp16_hybrid,"v1348 гибрид, параметры как были",lr_init_lgbm,0.6476926842256726,0.0013099210941931222,"[0.64601, 0.64786, 0.6492]","{""learning_rate"": 0.013399549522183024, ""num_leaves"": 8, ""min_child_samples"": 142, ""feature_fraction"": 0.5673295021425665, ""bagging_fraction"": 0.7159725093210578, ""lambda_l1"": 0.017888967192999938, ""lambda_l2"": 2.801635158716261}",бустинг с init_score от LR,2026-09-26T00:45:06
exp16_hybrid,"v1348 гибрид, деревья мельче и медленнее",lr_init_lgbm,0.6473133776626662,0.0011809460033163509,"[0.64572, 0.64769, 0.64854]","{""learning_rate"": 0.01, ""num_leaves"": 4, ""min_child_samples"": 250, ""feature_fraction"": 0.5673295021425665, ""bagging_fraction"": 0.7159725093210578, ""lambda_l1"": 0.017888967192999938, ""lambda_l2"": 2.801635158716261}",бустинг с init_score от LR,2026-09-26T00:45:44
exp16_hybrid,"v1348 гибрид, сильная регуляризация",lr_init_lgbm,0.6468718175833311,0.0009908383951245073,"[0.64548, 0.64773, 0.64741]","{""learning_rate"": 0.01, ""num_leaves"": 6, ""min_child_samples"": 142, ""feature_fraction"": 0.4, ""bagging_fraction"": 0.7159725093210578, ""lambda_l1"": 0.017888967192999938, ""lambda_l2"": 30}",бустинг с init_score от LR,2026-09-26T00:46:27
exp17_cat_d4,v1348,cat_d4,0.6491778692813622,0.0014391990366961,"[0.64775, 0.64863, 0.65115]","{""depth"": 4, ""l2_leaf_reg"": 20, ""learning_rate"": 0.02}",catboost honest,2026-09-26T01:08:35
exp17_cat_d6,v1348,cat_d6,0.6474387214361342,0.0014576199333333295,"[0.64789, 0.64547, 0.64896]","{""depth"": 6, ""l2_leaf_reg"": 30, ""learning_rate"": 0.02, ""rsm"": 0.5}",catboost honest,2026-09-26T01:12:28
